--
-- PostgreSQL database dump
--

\restrict hnJ9dJGXdfHnXKjaCGpD1XPy8H0dpNIK6AB1L0sCiGX4CpgFCPrh1DAlRpmhby5

-- Dumped from database version 18.4 (Debian 18.4-1.pgdg13+1)
-- Dumped by pg_dump version 18.4 (Debian 18.4-1.pgdg13+1)

SET statement_timeout = 0;
SET lock_timeout = 0;
SET idle_in_transaction_session_timeout = 0;
SET transaction_timeout = 0;
SET client_encoding = 'UTF8';
SET standard_conforming_strings = on;
SELECT pg_catalog.set_config('search_path', '', false);
SET check_function_bodies = false;
SET xmloption = content;
SET client_min_messages = warning;
SET row_security = off;

SET default_tablespace = '';

SET default_table_access_method = heap;

--
-- Name: app_accessgrouprule; Type: TABLE; Schema: public; Owner: postgres
--

CREATE TABLE public.app_accessgrouprule (
    id bigint NOT NULL,
    read_permission boolean NOT NULL,
    read_all_permission boolean NOT NULL,
    create_permission boolean NOT NULL,
    update_permission boolean NOT NULL,
    update_all_permission boolean NOT NULL,
    delete_permission boolean NOT NULL,
    delete_all_permission boolean NOT NULL,
    group_id integer NOT NULL,
    element_id bigint NOT NULL
);


ALTER TABLE public.app_accessgrouprule OWNER TO postgres;

--
-- Name: app_accessgrouprule_id_seq; Type: SEQUENCE; Schema: public; Owner: postgres
--

ALTER TABLE public.app_accessgrouprule ALTER COLUMN id ADD GENERATED BY DEFAULT AS IDENTITY (
    SEQUENCE NAME public.app_accessgrouprule_id_seq
    START WITH 1
    INCREMENT BY 1
    NO MINVALUE
    NO MAXVALUE
    CACHE 1
);


--
-- Name: app_businesselement; Type: TABLE; Schema: public; Owner: postgres
--

CREATE TABLE public.app_businesselement (
    id bigint NOT NULL,
    type character varying(100) CONSTRAINT app_businesselement_name_not_null NOT NULL,
    code uuid NOT NULL
);


ALTER TABLE public.app_businesselement OWNER TO postgres;

--
-- Name: app_businesselement_id_seq; Type: SEQUENCE; Schema: public; Owner: postgres
--

ALTER TABLE public.app_businesselement ALTER COLUMN id ADD GENERATED BY DEFAULT AS IDENTITY (
    SEQUENCE NAME public.app_businesselement_id_seq
    START WITH 1
    INCREMENT BY 1
    NO MINVALUE
    NO MAXVALUE
    CACHE 1
);


--
-- Name: app_order; Type: TABLE; Schema: public; Owner: postgres
--

CREATE TABLE public.app_order (
    id bigint NOT NULL,
    element_id bigint NOT NULL,
    creator_id integer NOT NULL,
    created_at timestamp with time zone NOT NULL
);


ALTER TABLE public.app_order OWNER TO postgres;

--
-- Name: app_order_id_seq; Type: SEQUENCE; Schema: public; Owner: postgres
--

ALTER TABLE public.app_order ALTER COLUMN id ADD GENERATED BY DEFAULT AS IDENTITY (
    SEQUENCE NAME public.app_order_id_seq
    START WITH 1
    INCREMENT BY 1
    NO MINVALUE
    NO MAXVALUE
    CACHE 1
);


--
-- Name: app_orderitem; Type: TABLE; Schema: public; Owner: postgres
--

CREATE TABLE public.app_orderitem (
    id bigint NOT NULL,
    quantity integer NOT NULL,
    order_id bigint NOT NULL,
    product_id bigint NOT NULL,
    element_id bigint NOT NULL,
    CONSTRAINT app_orderitem_quantity_check CHECK ((quantity >= 0))
);


ALTER TABLE public.app_orderitem OWNER TO postgres;

--
-- Name: app_orderitem_id_seq; Type: SEQUENCE; Schema: public; Owner: postgres
--

ALTER TABLE public.app_orderitem ALTER COLUMN id ADD GENERATED BY DEFAULT AS IDENTITY (
    SEQUENCE NAME public.app_orderitem_id_seq
    START WITH 1
    INCREMENT BY 1
    NO MINVALUE
    NO MAXVALUE
    CACHE 1
);


--
-- Name: app_product; Type: TABLE; Schema: public; Owner: postgres
--

CREATE TABLE public.app_product (
    id bigint CONSTRAINT app_products_id_not_null NOT NULL,
    name character varying(100) CONSTRAINT app_products_name_not_null NOT NULL,
    description character varying(100) CONSTRAINT app_products_description_not_null NOT NULL,
    element_id bigint CONSTRAINT app_products_element_id_not_null NOT NULL,
    creator_id integer NOT NULL,
    price numeric(10,2) NOT NULL
);


ALTER TABLE public.app_product OWNER TO postgres;

--
-- Name: app_products_id_seq; Type: SEQUENCE; Schema: public; Owner: postgres
--

ALTER TABLE public.app_product ALTER COLUMN id ADD GENERATED BY DEFAULT AS IDENTITY (
    SEQUENCE NAME public.app_products_id_seq
    START WITH 1
    INCREMENT BY 1
    NO MINVALUE
    NO MAXVALUE
    CACHE 1
);


--
-- Name: auth_group; Type: TABLE; Schema: public; Owner: postgres
--

CREATE TABLE public.auth_group (
    id integer NOT NULL,
    name character varying(150) NOT NULL
);


ALTER TABLE public.auth_group OWNER TO postgres;

--
-- Name: auth_group_id_seq; Type: SEQUENCE; Schema: public; Owner: postgres
--

ALTER TABLE public.auth_group ALTER COLUMN id ADD GENERATED BY DEFAULT AS IDENTITY (
    SEQUENCE NAME public.auth_group_id_seq
    START WITH 1
    INCREMENT BY 1
    NO MINVALUE
    NO MAXVALUE
    CACHE 1
);


--
-- Name: auth_group_permissions; Type: TABLE; Schema: public; Owner: postgres
--

CREATE TABLE public.auth_group_permissions (
    id bigint NOT NULL,
    group_id integer NOT NULL,
    permission_id integer NOT NULL
);


ALTER TABLE public.auth_group_permissions OWNER TO postgres;

--
-- Name: auth_group_permissions_id_seq; Type: SEQUENCE; Schema: public; Owner: postgres
--

ALTER TABLE public.auth_group_permissions ALTER COLUMN id ADD GENERATED BY DEFAULT AS IDENTITY (
    SEQUENCE NAME public.auth_group_permissions_id_seq
    START WITH 1
    INCREMENT BY 1
    NO MINVALUE
    NO MAXVALUE
    CACHE 1
);


--
-- Name: auth_permission; Type: TABLE; Schema: public; Owner: postgres
--

CREATE TABLE public.auth_permission (
    id integer NOT NULL,
    name character varying(255) NOT NULL,
    content_type_id integer NOT NULL,
    codename character varying(100) NOT NULL
);


ALTER TABLE public.auth_permission OWNER TO postgres;

--
-- Name: auth_permission_id_seq; Type: SEQUENCE; Schema: public; Owner: postgres
--

ALTER TABLE public.auth_permission ALTER COLUMN id ADD GENERATED BY DEFAULT AS IDENTITY (
    SEQUENCE NAME public.auth_permission_id_seq
    START WITH 1
    INCREMENT BY 1
    NO MINVALUE
    NO MAXVALUE
    CACHE 1
);


--
-- Name: auth_user; Type: TABLE; Schema: public; Owner: postgres
--

CREATE TABLE public.auth_user (
    id integer NOT NULL,
    password character varying(128) NOT NULL,
    last_login timestamp with time zone,
    is_superuser boolean NOT NULL,
    username character varying(150) NOT NULL,
    first_name character varying(150) NOT NULL,
    last_name character varying(150) NOT NULL,
    email character varying(254) NOT NULL,
    is_staff boolean NOT NULL,
    is_active boolean NOT NULL,
    date_joined timestamp with time zone NOT NULL
);


ALTER TABLE public.auth_user OWNER TO postgres;

--
-- Name: auth_user_groups; Type: TABLE; Schema: public; Owner: postgres
--

CREATE TABLE public.auth_user_groups (
    id bigint NOT NULL,
    user_id integer NOT NULL,
    group_id integer NOT NULL
);


ALTER TABLE public.auth_user_groups OWNER TO postgres;

--
-- Name: auth_user_groups_id_seq; Type: SEQUENCE; Schema: public; Owner: postgres
--

ALTER TABLE public.auth_user_groups ALTER COLUMN id ADD GENERATED BY DEFAULT AS IDENTITY (
    SEQUENCE NAME public.auth_user_groups_id_seq
    START WITH 1
    INCREMENT BY 1
    NO MINVALUE
    NO MAXVALUE
    CACHE 1
);


--
-- Name: auth_user_id_seq; Type: SEQUENCE; Schema: public; Owner: postgres
--

ALTER TABLE public.auth_user ALTER COLUMN id ADD GENERATED BY DEFAULT AS IDENTITY (
    SEQUENCE NAME public.auth_user_id_seq
    START WITH 1
    INCREMENT BY 1
    NO MINVALUE
    NO MAXVALUE
    CACHE 1
);


--
-- Name: auth_user_user_permissions; Type: TABLE; Schema: public; Owner: postgres
--

CREATE TABLE public.auth_user_user_permissions (
    id bigint NOT NULL,
    user_id integer NOT NULL,
    permission_id integer NOT NULL
);


ALTER TABLE public.auth_user_user_permissions OWNER TO postgres;

--
-- Name: auth_user_user_permissions_id_seq; Type: SEQUENCE; Schema: public; Owner: postgres
--

ALTER TABLE public.auth_user_user_permissions ALTER COLUMN id ADD GENERATED BY DEFAULT AS IDENTITY (
    SEQUENCE NAME public.auth_user_user_permissions_id_seq
    START WITH 1
    INCREMENT BY 1
    NO MINVALUE
    NO MAXVALUE
    CACHE 1
);


--
-- Name: django_admin_log; Type: TABLE; Schema: public; Owner: postgres
--

CREATE TABLE public.django_admin_log (
    id integer NOT NULL,
    action_time timestamp with time zone NOT NULL,
    object_id text,
    object_repr character varying(200) NOT NULL,
    action_flag smallint NOT NULL,
    change_message text NOT NULL,
    content_type_id integer,
    user_id integer NOT NULL,
    CONSTRAINT django_admin_log_action_flag_check CHECK ((action_flag >= 0))
);


ALTER TABLE public.django_admin_log OWNER TO postgres;

--
-- Name: django_admin_log_id_seq; Type: SEQUENCE; Schema: public; Owner: postgres
--

ALTER TABLE public.django_admin_log ALTER COLUMN id ADD GENERATED BY DEFAULT AS IDENTITY (
    SEQUENCE NAME public.django_admin_log_id_seq
    START WITH 1
    INCREMENT BY 1
    NO MINVALUE
    NO MAXVALUE
    CACHE 1
);


--
-- Name: django_content_type; Type: TABLE; Schema: public; Owner: postgres
--

CREATE TABLE public.django_content_type (
    id integer NOT NULL,
    app_label character varying(100) NOT NULL,
    model character varying(100) NOT NULL
);


ALTER TABLE public.django_content_type OWNER TO postgres;

--
-- Name: django_content_type_id_seq; Type: SEQUENCE; Schema: public; Owner: postgres
--

ALTER TABLE public.django_content_type ALTER COLUMN id ADD GENERATED BY DEFAULT AS IDENTITY (
    SEQUENCE NAME public.django_content_type_id_seq
    START WITH 1
    INCREMENT BY 1
    NO MINVALUE
    NO MAXVALUE
    CACHE 1
);


--
-- Name: django_migrations; Type: TABLE; Schema: public; Owner: postgres
--

CREATE TABLE public.django_migrations (
    id bigint NOT NULL,
    app character varying(255) NOT NULL,
    name character varying(255) NOT NULL,
    applied timestamp with time zone NOT NULL
);


ALTER TABLE public.django_migrations OWNER TO postgres;

--
-- Name: django_migrations_id_seq; Type: SEQUENCE; Schema: public; Owner: postgres
--

ALTER TABLE public.django_migrations ALTER COLUMN id ADD GENERATED BY DEFAULT AS IDENTITY (
    SEQUENCE NAME public.django_migrations_id_seq
    START WITH 1
    INCREMENT BY 1
    NO MINVALUE
    NO MAXVALUE
    CACHE 1
);


--
-- Name: django_session; Type: TABLE; Schema: public; Owner: postgres
--

CREATE TABLE public.django_session (
    session_key character varying(40) NOT NULL,
    session_data text NOT NULL,
    expire_date timestamp with time zone NOT NULL
);


ALTER TABLE public.django_session OWNER TO postgres;

--
-- Data for Name: app_accessgrouprule; Type: TABLE DATA; Schema: public; Owner: postgres
--

COPY public.app_accessgrouprule (id, read_permission, read_all_permission, create_permission, update_permission, update_all_permission, delete_permission, delete_all_permission, group_id, element_id) FROM stdin;
1	t	t	t	t	t	t	t	1	1
2	t	t	t	t	f	t	f	2	1
4	t	t	t	t	t	t	t	1	2
5	t	t	t	t	t	t	t	3	1
6	t	t	t	t	t	t	t	3	2
3	t	t	f	f	f	f	f	2	2
7	f	f	f	f	f	f	f	4	1
8	f	f	f	f	f	f	f	4	2
9	t	t	t	t	t	t	t	1	3
10	t	f	t	t	f	t	f	2	3
11	t	t	t	t	t	t	t	3	3
12	f	f	f	f	f	f	f	4	3
\.


--
-- Data for Name: app_businesselement; Type: TABLE DATA; Schema: public; Owner: postgres
--

COPY public.app_businesselement (id, type, code) FROM stdin;
1	order	9e82320f-85f8-490c-aaed-9fa4d9b2684c
2	product	7b6633ad-c9f1-403b-82f7-b80017918114
3	orderItem	896f2517-4082-4114-9895-d515e664aba8
\.


--
-- Data for Name: app_order; Type: TABLE DATA; Schema: public; Owner: postgres
--

COPY public.app_order (id, element_id, creator_id, created_at) FROM stdin;
5	1	2	2026-05-21 11:55:10.472243+00
\.


--
-- Data for Name: app_orderitem; Type: TABLE DATA; Schema: public; Owner: postgres
--

COPY public.app_orderitem (id, quantity, order_id, product_id, element_id) FROM stdin;
1	1	5	1	3
\.


--
-- Data for Name: app_product; Type: TABLE DATA; Schema: public; Owner: postgres
--

COPY public.app_product (id, name, description, element_id, creator_id, price) FROM stdin;
1	Mouse	string	2	2	1000.00
2	Keyboard	string	2	5	2000.00
3	HDD	string	2	2	2400.00
\.


--
-- Data for Name: auth_group; Type: TABLE DATA; Schema: public; Owner: postgres
--

COPY public.auth_group (id, name) FROM stdin;
1	admin
2	user
3	manager
4	guest
\.


--
-- Data for Name: auth_group_permissions; Type: TABLE DATA; Schema: public; Owner: postgres
--

COPY public.auth_group_permissions (id, group_id, permission_id) FROM stdin;
\.


--
-- Data for Name: auth_permission; Type: TABLE DATA; Schema: public; Owner: postgres
--

COPY public.auth_permission (id, name, content_type_id, codename) FROM stdin;
1	Can add business element	2	add_businesselement
2	Can change business element	2	change_businesselement
3	Can delete business element	2	delete_businesselement
4	Can view business element	2	view_businesselement
5	Can add access group rule	1	add_accessgrouprule
6	Can change access group rule	1	change_accessgrouprule
7	Can delete access group rule	1	delete_accessgrouprule
8	Can view access group rule	1	view_accessgrouprule
9	Can add order	3	add_order
10	Can change order	3	change_order
11	Can delete order	3	delete_order
12	Can view order	3	view_order
13	Can add product	4	add_product
14	Can change product	4	change_product
15	Can delete product	4	delete_product
16	Can view product	4	view_product
17	Can add log entry	5	add_logentry
18	Can change log entry	5	change_logentry
19	Can delete log entry	5	delete_logentry
20	Can view log entry	5	view_logentry
21	Can add permission	7	add_permission
22	Can change permission	7	change_permission
23	Can delete permission	7	delete_permission
24	Can view permission	7	view_permission
25	Can add group	6	add_group
26	Can change group	6	change_group
27	Can delete group	6	delete_group
28	Can view group	6	view_group
29	Can add user	8	add_user
30	Can change user	8	change_user
31	Can delete user	8	delete_user
32	Can view user	8	view_user
33	Can add content type	9	add_contenttype
34	Can change content type	9	change_contenttype
35	Can delete content type	9	delete_contenttype
36	Can view content type	9	view_contenttype
37	Can add session	10	add_session
38	Can change session	10	change_session
39	Can delete session	10	delete_session
40	Can view session	10	view_session
41	Can add order item	11	add_orderitem
42	Can change order item	11	change_orderitem
43	Can delete order item	11	delete_orderitem
44	Can view order item	11	view_orderitem
\.


--
-- Data for Name: auth_user; Type: TABLE DATA; Schema: public; Owner: postgres
--

COPY public.auth_user (id, password, last_login, is_superuser, username, first_name, last_name, email, is_staff, is_active, date_joined) FROM stdin;
3	pbkdf2_sha256$1200000$VBd5CJVkqdEvw0W5LwO3RI$2LBNchgKJwywXeL6uSznL/EXiUwmruGYsXRdyMtNJpk=	2026-05-21 09:02:00.892647+00	f	manager	string	string	manager@example.com	f	t	2026-05-21 08:10:37+00
4	pbkdf2_sha256$1200000$qZchMQwV9wGDdpLU3Vv2Tx$Qp+ZMrY7K+Il+dLlODDXLJJ4XFWUhW+ahMTeNc42XiA=	\N	f	guest	string	string	guest@example.com	f	t	2026-05-21 08:14:41+00
5	pbkdf2_sha256$1200000$q4ikFNjXpXbNEaPKFRR06R$uabhSmka26bmZc0PJpd64qeOmw4td2mO/ctJwfsw3HQ=	2026-05-21 11:39:34.809707+00	f	user	string	string	user@example.com	f	t	2026-05-21 08:20:31+00
2	pbkdf2_sha256$1200000$gNZCUMxgmcKqZgfeoMXoaI$sJRkj6W4IO5wvLlGVZr7hVqXopNOsd2CwiG6SdWrUy4=	2026-05-21 11:40:59.079496+00	t	admin			admin@example.com	t	t	2026-05-21 07:30:19+00
\.


--
-- Data for Name: auth_user_groups; Type: TABLE DATA; Schema: public; Owner: postgres
--

COPY public.auth_user_groups (id, user_id, group_id) FROM stdin;
2	3	4
3	4	4
5	2	1
6	5	2
\.


--
-- Data for Name: auth_user_user_permissions; Type: TABLE DATA; Schema: public; Owner: postgres
--

COPY public.auth_user_user_permissions (id, user_id, permission_id) FROM stdin;
\.


--
-- Data for Name: django_admin_log; Type: TABLE DATA; Schema: public; Owner: postgres
--

COPY public.django_admin_log (id, action_time, object_id, object_repr, action_flag, change_message, content_type_id, user_id) FROM stdin;
1	2026-05-21 07:35:48.1526+00	1	admin	1	[{"added": {}}]	6	2
2	2026-05-21 08:24:57.06939+00	2	admin	2	[{"changed": {"fields": ["Groups"]}}]	8	2
3	2026-05-21 08:25:09.899392+00	3	manager	2	[{"changed": {"fields": ["Username"]}}]	8	2
4	2026-05-21 08:25:28.29887+00	5	user	2	[{"changed": {"fields": ["Username"]}}]	8	2
5	2026-05-21 08:25:40.308211+00	5	user	2	[{"changed": {"fields": ["Groups"]}}]	8	2
6	2026-05-21 08:25:49.921833+00	4	guest	2	[{"changed": {"fields": ["Username"]}}]	8	2
\.


--
-- Data for Name: django_content_type; Type: TABLE DATA; Schema: public; Owner: postgres
--

COPY public.django_content_type (id, app_label, model) FROM stdin;
1	app	accessgrouprule
2	app	businesselement
3	app	order
4	app	product
5	admin	logentry
6	auth	group
7	auth	permission
8	auth	user
9	contenttypes	contenttype
10	sessions	session
11	app	orderitem
\.


--
-- Data for Name: django_migrations; Type: TABLE DATA; Schema: public; Owner: postgres
--

COPY public.django_migrations (id, app, name, applied) FROM stdin;
1	contenttypes	0001_initial	2026-05-21 06:56:24.061878+00
2	auth	0001_initial	2026-05-21 06:56:24.11905+00
3	admin	0001_initial	2026-05-21 06:56:24.141684+00
4	admin	0002_logentry_remove_auto_add	2026-05-21 06:56:24.152002+00
5	admin	0003_logentry_add_action_flag_choices	2026-05-21 06:56:24.161906+00
6	contenttypes	0002_remove_content_type_name	2026-05-21 06:56:24.184839+00
7	auth	0002_alter_permission_name_max_length	2026-05-21 06:56:24.198131+00
8	auth	0003_alter_user_email_max_length	2026-05-21 06:56:24.209375+00
9	auth	0004_alter_user_username_opts	2026-05-21 06:56:24.21872+00
10	auth	0005_alter_user_last_login_null	2026-05-21 06:56:24.229521+00
11	auth	0006_require_contenttypes_0002	2026-05-21 06:56:24.23162+00
12	auth	0007_alter_validators_add_error_messages	2026-05-21 06:56:24.243692+00
13	auth	0008_alter_user_username_max_length	2026-05-21 06:56:24.258487+00
14	auth	0009_alter_user_last_name_max_length	2026-05-21 06:56:24.269168+00
15	auth	0010_alter_group_name_max_length	2026-05-21 06:56:24.28392+00
16	auth	0011_update_proxy_permissions	2026-05-21 06:56:24.295525+00
17	auth	0012_alter_user_first_name_max_length	2026-05-21 06:56:24.306401+00
18	app	0001_initial	2026-05-21 06:56:24.334371+00
19	app	0002_rename_name_businesselement_type_and_more	2026-05-21 06:56:24.361257+00
20	app	0003_alter_businesselement_code	2026-05-21 06:56:24.366305+00
21	app	0004_order_description_alter_businesselement_code_and_more	2026-05-21 06:56:24.403282+00
22	app	0005_rename_products_product	2026-05-21 06:56:24.422001+00
23	app	0006_order_creator_product_creator	2026-05-21 06:56:24.455995+00
24	app	0007_alter_order_creator_alter_product_creator	2026-05-21 06:56:24.499215+00
25	sessions	0001_initial	2026-05-21 06:56:24.509134+00
26	app	0008_alter_order_name	2026-05-21 08:36:01.969894+00
27	app	0009_alter_product_name	2026-05-21 08:36:33.47183+00
28	app	0010_remove_order_description_remove_order_name_and_more	2026-05-21 11:21:31.147601+00
29	app	0011_orderitem_element	2026-05-21 12:09:28.743839+00
\.


--
-- Data for Name: django_session; Type: TABLE DATA; Schema: public; Owner: postgres
--

COPY public.django_session (session_key, session_data, expire_date) FROM stdin;
3t5enqvfqx0fz2sngar6pq6s6e7qln6h	.eJxVjDsOwjAQBe_iGlmJ7fWHkp4zWLvrDQ6gRIqTCnF3iJQC2jcz76UybmvNW5Mlj0WdlVGn342QHzLtoNxxus2a52ldRtK7og_a9HUu8rwc7t9BxVa_NRdyGCyHQIHZRQCXut4NCIko-V4sgwWALkRji4ToZPAk6NF6Q1LU-wPlKjgP:1wPyeU:Rk9F4uYVH5MTotDAPvBzY186ORLv1hnICWGRdR9-o0U	2026-05-21 09:21:10.680332+00
3pcb861lada03ruceltpjcyqrux8ljvj	.eJxVjDsOwjAQRO_iGln-fyjpcwZrN-vgALKlOKkQdyeRUkA5897MmyXY1pK2npc0E7syyy6_HcL4zPUA9IB6b3xsdV1m5IfCT9r50Ci_bqf7d1Cgl32NExJGH3IgBRKFUxAkRmGs1mCd9dpIY6SOgEEYHUwmNUmk6MQevGWfL9tKNuE:1wPzKj:on6kB0WryEWY_T14LrlIvIJHcXecfOl1IxmsZLhdP1I	2026-05-21 10:04:49.21648+00
zrmjlvhkijplwjv18xpvhxta8stinrcy	.eJxVjDsOwjAQRO_iGln-fyjpcwZrN-vgALKlOKkQdyeRUkA5897MmyXY1pK2npc0E7syyy6_HcL4zPUA9IB6b3xsdV1m5IfCT9r50Ci_bqf7d1Cgl32NExJGH3IgBRKFUxAkRmGs1mCd9dpIY6SOgEEYHUwmNUmk6MQevGWfL9tKNuE:1wQ1LA:wfMR4woV93EPc7DyT4VNDBqNTzq3jMjj4u47ss-vrZM	2026-05-21 12:13:24.621193+00
m5hvje4w0lnx3mwlsdgmw7f6hm4xmu18	.eJxVjDsOwjAQBe_iGlmJ7fWHkp4zWLvrDQ6gRIqTCnF3iJQC2jcz76UybmvNW5Mlj0WdlVGn342QHzLtoNxxus2a52ldRtK7og_a9HUu8rwc7t9BxVa_NRdyGCyHQIHZRQCXut4NCIko-V4sgwWALkRji4ToZPAk6NF6Q1LU-wPlKjgP:1wQ1lr:I21mNv2w_sW_FX2zVa_qYxvy0afwPTmpO1bUzxXMq60	2026-05-21 12:40:59.08252+00
\.


--
-- Name: app_accessgrouprule_id_seq; Type: SEQUENCE SET; Schema: public; Owner: postgres
--

SELECT pg_catalog.setval('public.app_accessgrouprule_id_seq', 12, true);


--
-- Name: app_businesselement_id_seq; Type: SEQUENCE SET; Schema: public; Owner: postgres
--

SELECT pg_catalog.setval('public.app_businesselement_id_seq', 3, true);


--
-- Name: app_order_id_seq; Type: SEQUENCE SET; Schema: public; Owner: postgres
--

SELECT pg_catalog.setval('public.app_order_id_seq', 5, true);


--
-- Name: app_orderitem_id_seq; Type: SEQUENCE SET; Schema: public; Owner: postgres
--

SELECT pg_catalog.setval('public.app_orderitem_id_seq', 1, true);


--
-- Name: app_products_id_seq; Type: SEQUENCE SET; Schema: public; Owner: postgres
--

SELECT pg_catalog.setval('public.app_products_id_seq', 3, true);


--
-- Name: auth_group_id_seq; Type: SEQUENCE SET; Schema: public; Owner: postgres
--

SELECT pg_catalog.setval('public.auth_group_id_seq', 4, true);


--
-- Name: auth_group_permissions_id_seq; Type: SEQUENCE SET; Schema: public; Owner: postgres
--

SELECT pg_catalog.setval('public.auth_group_permissions_id_seq', 1, false);


--
-- Name: auth_permission_id_seq; Type: SEQUENCE SET; Schema: public; Owner: postgres
--

SELECT pg_catalog.setval('public.auth_permission_id_seq', 44, true);


--
-- Name: auth_user_groups_id_seq; Type: SEQUENCE SET; Schema: public; Owner: postgres
--

SELECT pg_catalog.setval('public.auth_user_groups_id_seq', 6, true);


--
-- Name: auth_user_id_seq; Type: SEQUENCE SET; Schema: public; Owner: postgres
--

SELECT pg_catalog.setval('public.auth_user_id_seq', 5, true);


--
-- Name: auth_user_user_permissions_id_seq; Type: SEQUENCE SET; Schema: public; Owner: postgres
--

SELECT pg_catalog.setval('public.auth_user_user_permissions_id_seq', 1, false);


--
-- Name: django_admin_log_id_seq; Type: SEQUENCE SET; Schema: public; Owner: postgres
--

SELECT pg_catalog.setval('public.django_admin_log_id_seq', 6, true);


--
-- Name: django_content_type_id_seq; Type: SEQUENCE SET; Schema: public; Owner: postgres
--

SELECT pg_catalog.setval('public.django_content_type_id_seq', 11, true);


--
-- Name: django_migrations_id_seq; Type: SEQUENCE SET; Schema: public; Owner: postgres
--

SELECT pg_catalog.setval('public.django_migrations_id_seq', 29, true);


--
-- Name: app_accessgrouprule app_accessgrouprule_group_id_element_id_1b59f69d_uniq; Type: CONSTRAINT; Schema: public; Owner: postgres
--

ALTER TABLE ONLY public.app_accessgrouprule
    ADD CONSTRAINT app_accessgrouprule_group_id_element_id_1b59f69d_uniq UNIQUE (group_id, element_id);


--
-- Name: app_accessgrouprule app_accessgrouprule_pkey; Type: CONSTRAINT; Schema: public; Owner: postgres
--

ALTER TABLE ONLY public.app_accessgrouprule
    ADD CONSTRAINT app_accessgrouprule_pkey PRIMARY KEY (id);


--
-- Name: app_businesselement app_businesselement_code_key; Type: CONSTRAINT; Schema: public; Owner: postgres
--

ALTER TABLE ONLY public.app_businesselement
    ADD CONSTRAINT app_businesselement_code_key UNIQUE (code);


--
-- Name: app_businesselement app_businesselement_name_key; Type: CONSTRAINT; Schema: public; Owner: postgres
--

ALTER TABLE ONLY public.app_businesselement
    ADD CONSTRAINT app_businesselement_name_key UNIQUE (type);


--
-- Name: app_businesselement app_businesselement_pkey; Type: CONSTRAINT; Schema: public; Owner: postgres
--

ALTER TABLE ONLY public.app_businesselement
    ADD CONSTRAINT app_businesselement_pkey PRIMARY KEY (id);


--
-- Name: app_order app_order_pkey; Type: CONSTRAINT; Schema: public; Owner: postgres
--

ALTER TABLE ONLY public.app_order
    ADD CONSTRAINT app_order_pkey PRIMARY KEY (id);


--
-- Name: app_orderitem app_orderitem_pkey; Type: CONSTRAINT; Schema: public; Owner: postgres
--

ALTER TABLE ONLY public.app_orderitem
    ADD CONSTRAINT app_orderitem_pkey PRIMARY KEY (id);


--
-- Name: app_product app_product_name_26582e92_uniq; Type: CONSTRAINT; Schema: public; Owner: postgres
--

ALTER TABLE ONLY public.app_product
    ADD CONSTRAINT app_product_name_26582e92_uniq UNIQUE (name);


--
-- Name: app_product app_products_pkey; Type: CONSTRAINT; Schema: public; Owner: postgres
--

ALTER TABLE ONLY public.app_product
    ADD CONSTRAINT app_products_pkey PRIMARY KEY (id);


--
-- Name: auth_group auth_group_name_key; Type: CONSTRAINT; Schema: public; Owner: postgres
--

ALTER TABLE ONLY public.auth_group
    ADD CONSTRAINT auth_group_name_key UNIQUE (name);


--
-- Name: auth_group_permissions auth_group_permissions_group_id_permission_id_0cd325b0_uniq; Type: CONSTRAINT; Schema: public; Owner: postgres
--

ALTER TABLE ONLY public.auth_group_permissions
    ADD CONSTRAINT auth_group_permissions_group_id_permission_id_0cd325b0_uniq UNIQUE (group_id, permission_id);


--
-- Name: auth_group_permissions auth_group_permissions_pkey; Type: CONSTRAINT; Schema: public; Owner: postgres
--

ALTER TABLE ONLY public.auth_group_permissions
    ADD CONSTRAINT auth_group_permissions_pkey PRIMARY KEY (id);


--
-- Name: auth_group auth_group_pkey; Type: CONSTRAINT; Schema: public; Owner: postgres
--

ALTER TABLE ONLY public.auth_group
    ADD CONSTRAINT auth_group_pkey PRIMARY KEY (id);


--
-- Name: auth_permission auth_permission_content_type_id_codename_01ab375a_uniq; Type: CONSTRAINT; Schema: public; Owner: postgres
--

ALTER TABLE ONLY public.auth_permission
    ADD CONSTRAINT auth_permission_content_type_id_codename_01ab375a_uniq UNIQUE (content_type_id, codename);


--
-- Name: auth_permission auth_permission_pkey; Type: CONSTRAINT; Schema: public; Owner: postgres
--

ALTER TABLE ONLY public.auth_permission
    ADD CONSTRAINT auth_permission_pkey PRIMARY KEY (id);


--
-- Name: auth_user_groups auth_user_groups_pkey; Type: CONSTRAINT; Schema: public; Owner: postgres
--

ALTER TABLE ONLY public.auth_user_groups
    ADD CONSTRAINT auth_user_groups_pkey PRIMARY KEY (id);


--
-- Name: auth_user_groups auth_user_groups_user_id_group_id_94350c0c_uniq; Type: CONSTRAINT; Schema: public; Owner: postgres
--

ALTER TABLE ONLY public.auth_user_groups
    ADD CONSTRAINT auth_user_groups_user_id_group_id_94350c0c_uniq UNIQUE (user_id, group_id);


--
-- Name: auth_user auth_user_pkey; Type: CONSTRAINT; Schema: public; Owner: postgres
--

ALTER TABLE ONLY public.auth_user
    ADD CONSTRAINT auth_user_pkey PRIMARY KEY (id);


--
-- Name: auth_user_user_permissions auth_user_user_permissions_pkey; Type: CONSTRAINT; Schema: public; Owner: postgres
--

ALTER TABLE ONLY public.auth_user_user_permissions
    ADD CONSTRAINT auth_user_user_permissions_pkey PRIMARY KEY (id);


--
-- Name: auth_user_user_permissions auth_user_user_permissions_user_id_permission_id_14a6b632_uniq; Type: CONSTRAINT; Schema: public; Owner: postgres
--

ALTER TABLE ONLY public.auth_user_user_permissions
    ADD CONSTRAINT auth_user_user_permissions_user_id_permission_id_14a6b632_uniq UNIQUE (user_id, permission_id);


--
-- Name: auth_user auth_user_username_key; Type: CONSTRAINT; Schema: public; Owner: postgres
--

ALTER TABLE ONLY public.auth_user
    ADD CONSTRAINT auth_user_username_key UNIQUE (username);


--
-- Name: django_admin_log django_admin_log_pkey; Type: CONSTRAINT; Schema: public; Owner: postgres
--

ALTER TABLE ONLY public.django_admin_log
    ADD CONSTRAINT django_admin_log_pkey PRIMARY KEY (id);


--
-- Name: django_content_type django_content_type_app_label_model_76bd3d3b_uniq; Type: CONSTRAINT; Schema: public; Owner: postgres
--

ALTER TABLE ONLY public.django_content_type
    ADD CONSTRAINT django_content_type_app_label_model_76bd3d3b_uniq UNIQUE (app_label, model);


--
-- Name: django_content_type django_content_type_pkey; Type: CONSTRAINT; Schema: public; Owner: postgres
--

ALTER TABLE ONLY public.django_content_type
    ADD CONSTRAINT django_content_type_pkey PRIMARY KEY (id);


--
-- Name: django_migrations django_migrations_pkey; Type: CONSTRAINT; Schema: public; Owner: postgres
--

ALTER TABLE ONLY public.django_migrations
    ADD CONSTRAINT django_migrations_pkey PRIMARY KEY (id);


--
-- Name: django_session django_session_pkey; Type: CONSTRAINT; Schema: public; Owner: postgres
--

ALTER TABLE ONLY public.django_session
    ADD CONSTRAINT django_session_pkey PRIMARY KEY (session_key);


--
-- Name: app_accessgrouprule_element_id_e85ee7ae; Type: INDEX; Schema: public; Owner: postgres
--

CREATE INDEX app_accessgrouprule_element_id_e85ee7ae ON public.app_accessgrouprule USING btree (element_id);


--
-- Name: app_accessgrouprule_group_id_479b160c; Type: INDEX; Schema: public; Owner: postgres
--

CREATE INDEX app_accessgrouprule_group_id_479b160c ON public.app_accessgrouprule USING btree (group_id);


--
-- Name: app_businesselement_name_5143bf7a_like; Type: INDEX; Schema: public; Owner: postgres
--

CREATE INDEX app_businesselement_name_5143bf7a_like ON public.app_businesselement USING btree (type varchar_pattern_ops);


--
-- Name: app_order_creator_id_a2b1fe6b; Type: INDEX; Schema: public; Owner: postgres
--

CREATE INDEX app_order_creator_id_a2b1fe6b ON public.app_order USING btree (creator_id);


--
-- Name: app_order_element_id_c1540df0; Type: INDEX; Schema: public; Owner: postgres
--

CREATE INDEX app_order_element_id_c1540df0 ON public.app_order USING btree (element_id);


--
-- Name: app_orderitem_element_id_c6eac45e; Type: INDEX; Schema: public; Owner: postgres
--

CREATE INDEX app_orderitem_element_id_c6eac45e ON public.app_orderitem USING btree (element_id);


--
-- Name: app_orderitem_order_id_41257a1b; Type: INDEX; Schema: public; Owner: postgres
--

CREATE INDEX app_orderitem_order_id_41257a1b ON public.app_orderitem USING btree (order_id);


--
-- Name: app_orderitem_product_id_5f40ddb0; Type: INDEX; Schema: public; Owner: postgres
--

CREATE INDEX app_orderitem_product_id_5f40ddb0 ON public.app_orderitem USING btree (product_id);


--
-- Name: app_product_creator_id_d13196aa; Type: INDEX; Schema: public; Owner: postgres
--

CREATE INDEX app_product_creator_id_d13196aa ON public.app_product USING btree (creator_id);


--
-- Name: app_product_name_26582e92_like; Type: INDEX; Schema: public; Owner: postgres
--

CREATE INDEX app_product_name_26582e92_like ON public.app_product USING btree (name varchar_pattern_ops);


--
-- Name: app_products_element_id_367a58e3; Type: INDEX; Schema: public; Owner: postgres
--

CREATE INDEX app_products_element_id_367a58e3 ON public.app_product USING btree (element_id);


--
-- Name: auth_group_name_a6ea08ec_like; Type: INDEX; Schema: public; Owner: postgres
--

CREATE INDEX auth_group_name_a6ea08ec_like ON public.auth_group USING btree (name varchar_pattern_ops);


--
-- Name: auth_group_permissions_group_id_b120cbf9; Type: INDEX; Schema: public; Owner: postgres
--

CREATE INDEX auth_group_permissions_group_id_b120cbf9 ON public.auth_group_permissions USING btree (group_id);


--
-- Name: auth_group_permissions_permission_id_84c5c92e; Type: INDEX; Schema: public; Owner: postgres
--

CREATE INDEX auth_group_permissions_permission_id_84c5c92e ON public.auth_group_permissions USING btree (permission_id);


--
-- Name: auth_permission_content_type_id_2f476e4b; Type: INDEX; Schema: public; Owner: postgres
--

CREATE INDEX auth_permission_content_type_id_2f476e4b ON public.auth_permission USING btree (content_type_id);


--
-- Name: auth_user_groups_group_id_97559544; Type: INDEX; Schema: public; Owner: postgres
--

CREATE INDEX auth_user_groups_group_id_97559544 ON public.auth_user_groups USING btree (group_id);


--
-- Name: auth_user_groups_user_id_6a12ed8b; Type: INDEX; Schema: public; Owner: postgres
--

CREATE INDEX auth_user_groups_user_id_6a12ed8b ON public.auth_user_groups USING btree (user_id);


--
-- Name: auth_user_user_permissions_permission_id_1fbb5f2c; Type: INDEX; Schema: public; Owner: postgres
--

CREATE INDEX auth_user_user_permissions_permission_id_1fbb5f2c ON public.auth_user_user_permissions USING btree (permission_id);


--
-- Name: auth_user_user_permissions_user_id_a95ead1b; Type: INDEX; Schema: public; Owner: postgres
--

CREATE INDEX auth_user_user_permissions_user_id_a95ead1b ON public.auth_user_user_permissions USING btree (user_id);


--
-- Name: auth_user_username_6821ab7c_like; Type: INDEX; Schema: public; Owner: postgres
--

CREATE INDEX auth_user_username_6821ab7c_like ON public.auth_user USING btree (username varchar_pattern_ops);


--
-- Name: django_admin_log_content_type_id_c4bce8eb; Type: INDEX; Schema: public; Owner: postgres
--

CREATE INDEX django_admin_log_content_type_id_c4bce8eb ON public.django_admin_log USING btree (content_type_id);


--
-- Name: django_admin_log_user_id_c564eba6; Type: INDEX; Schema: public; Owner: postgres
--

CREATE INDEX django_admin_log_user_id_c564eba6 ON public.django_admin_log USING btree (user_id);


--
-- Name: django_session_expire_date_a5c62663; Type: INDEX; Schema: public; Owner: postgres
--

CREATE INDEX django_session_expire_date_a5c62663 ON public.django_session USING btree (expire_date);


--
-- Name: django_session_session_key_c0390e0f_like; Type: INDEX; Schema: public; Owner: postgres
--

CREATE INDEX django_session_session_key_c0390e0f_like ON public.django_session USING btree (session_key varchar_pattern_ops);


--
-- Name: app_accessgrouprule app_accessgrouprule_element_id_e85ee7ae_fk_app_busin; Type: FK CONSTRAINT; Schema: public; Owner: postgres
--

ALTER TABLE ONLY public.app_accessgrouprule
    ADD CONSTRAINT app_accessgrouprule_element_id_e85ee7ae_fk_app_busin FOREIGN KEY (element_id) REFERENCES public.app_businesselement(id) DEFERRABLE INITIALLY DEFERRED;


--
-- Name: app_accessgrouprule app_accessgrouprule_group_id_479b160c_fk_auth_group_id; Type: FK CONSTRAINT; Schema: public; Owner: postgres
--

ALTER TABLE ONLY public.app_accessgrouprule
    ADD CONSTRAINT app_accessgrouprule_group_id_479b160c_fk_auth_group_id FOREIGN KEY (group_id) REFERENCES public.auth_group(id) DEFERRABLE INITIALLY DEFERRED;


--
-- Name: app_order app_order_creator_id_a2b1fe6b_fk_auth_user_id; Type: FK CONSTRAINT; Schema: public; Owner: postgres
--

ALTER TABLE ONLY public.app_order
    ADD CONSTRAINT app_order_creator_id_a2b1fe6b_fk_auth_user_id FOREIGN KEY (creator_id) REFERENCES public.auth_user(id) DEFERRABLE INITIALLY DEFERRED;


--
-- Name: app_order app_order_element_id_c1540df0_fk_app_businesselement_id; Type: FK CONSTRAINT; Schema: public; Owner: postgres
--

ALTER TABLE ONLY public.app_order
    ADD CONSTRAINT app_order_element_id_c1540df0_fk_app_businesselement_id FOREIGN KEY (element_id) REFERENCES public.app_businesselement(id) DEFERRABLE INITIALLY DEFERRED;


--
-- Name: app_orderitem app_orderitem_element_id_c6eac45e_fk_app_businesselement_id; Type: FK CONSTRAINT; Schema: public; Owner: postgres
--

ALTER TABLE ONLY public.app_orderitem
    ADD CONSTRAINT app_orderitem_element_id_c6eac45e_fk_app_businesselement_id FOREIGN KEY (element_id) REFERENCES public.app_businesselement(id) DEFERRABLE INITIALLY DEFERRED;


--
-- Name: app_orderitem app_orderitem_order_id_41257a1b_fk_app_order_id; Type: FK CONSTRAINT; Schema: public; Owner: postgres
--

ALTER TABLE ONLY public.app_orderitem
    ADD CONSTRAINT app_orderitem_order_id_41257a1b_fk_app_order_id FOREIGN KEY (order_id) REFERENCES public.app_order(id) DEFERRABLE INITIALLY DEFERRED;


--
-- Name: app_orderitem app_orderitem_product_id_5f40ddb0_fk_app_product_id; Type: FK CONSTRAINT; Schema: public; Owner: postgres
--

ALTER TABLE ONLY public.app_orderitem
    ADD CONSTRAINT app_orderitem_product_id_5f40ddb0_fk_app_product_id FOREIGN KEY (product_id) REFERENCES public.app_product(id) DEFERRABLE INITIALLY DEFERRED;


--
-- Name: app_product app_product_creator_id_d13196aa_fk_auth_user_id; Type: FK CONSTRAINT; Schema: public; Owner: postgres
--

ALTER TABLE ONLY public.app_product
    ADD CONSTRAINT app_product_creator_id_d13196aa_fk_auth_user_id FOREIGN KEY (creator_id) REFERENCES public.auth_user(id) DEFERRABLE INITIALLY DEFERRED;


--
-- Name: app_product app_products_element_id_367a58e3_fk_app_businesselement_id; Type: FK CONSTRAINT; Schema: public; Owner: postgres
--

ALTER TABLE ONLY public.app_product
    ADD CONSTRAINT app_products_element_id_367a58e3_fk_app_businesselement_id FOREIGN KEY (element_id) REFERENCES public.app_businesselement(id) DEFERRABLE INITIALLY DEFERRED;


--
-- Name: auth_group_permissions auth_group_permissio_permission_id_84c5c92e_fk_auth_perm; Type: FK CONSTRAINT; Schema: public; Owner: postgres
--

ALTER TABLE ONLY public.auth_group_permissions
    ADD CONSTRAINT auth_group_permissio_permission_id_84c5c92e_fk_auth_perm FOREIGN KEY (permission_id) REFERENCES public.auth_permission(id) DEFERRABLE INITIALLY DEFERRED;


--
-- Name: auth_group_permissions auth_group_permissions_group_id_b120cbf9_fk_auth_group_id; Type: FK CONSTRAINT; Schema: public; Owner: postgres
--

ALTER TABLE ONLY public.auth_group_permissions
    ADD CONSTRAINT auth_group_permissions_group_id_b120cbf9_fk_auth_group_id FOREIGN KEY (group_id) REFERENCES public.auth_group(id) DEFERRABLE INITIALLY DEFERRED;


--
-- Name: auth_permission auth_permission_content_type_id_2f476e4b_fk_django_co; Type: FK CONSTRAINT; Schema: public; Owner: postgres
--

ALTER TABLE ONLY public.auth_permission
    ADD CONSTRAINT auth_permission_content_type_id_2f476e4b_fk_django_co FOREIGN KEY (content_type_id) REFERENCES public.django_content_type(id) DEFERRABLE INITIALLY DEFERRED;


--
-- Name: auth_user_groups auth_user_groups_group_id_97559544_fk_auth_group_id; Type: FK CONSTRAINT; Schema: public; Owner: postgres
--

ALTER TABLE ONLY public.auth_user_groups
    ADD CONSTRAINT auth_user_groups_group_id_97559544_fk_auth_group_id FOREIGN KEY (group_id) REFERENCES public.auth_group(id) DEFERRABLE INITIALLY DEFERRED;


--
-- Name: auth_user_groups auth_user_groups_user_id_6a12ed8b_fk_auth_user_id; Type: FK CONSTRAINT; Schema: public; Owner: postgres
--

ALTER TABLE ONLY public.auth_user_groups
    ADD CONSTRAINT auth_user_groups_user_id_6a12ed8b_fk_auth_user_id FOREIGN KEY (user_id) REFERENCES public.auth_user(id) DEFERRABLE INITIALLY DEFERRED;


--
-- Name: auth_user_user_permissions auth_user_user_permi_permission_id_1fbb5f2c_fk_auth_perm; Type: FK CONSTRAINT; Schema: public; Owner: postgres
--

ALTER TABLE ONLY public.auth_user_user_permissions
    ADD CONSTRAINT auth_user_user_permi_permission_id_1fbb5f2c_fk_auth_perm FOREIGN KEY (permission_id) REFERENCES public.auth_permission(id) DEFERRABLE INITIALLY DEFERRED;


--
-- Name: auth_user_user_permissions auth_user_user_permissions_user_id_a95ead1b_fk_auth_user_id; Type: FK CONSTRAINT; Schema: public; Owner: postgres
--

ALTER TABLE ONLY public.auth_user_user_permissions
    ADD CONSTRAINT auth_user_user_permissions_user_id_a95ead1b_fk_auth_user_id FOREIGN KEY (user_id) REFERENCES public.auth_user(id) DEFERRABLE INITIALLY DEFERRED;


--
-- Name: django_admin_log django_admin_log_content_type_id_c4bce8eb_fk_django_co; Type: FK CONSTRAINT; Schema: public; Owner: postgres
--

ALTER TABLE ONLY public.django_admin_log
    ADD CONSTRAINT django_admin_log_content_type_id_c4bce8eb_fk_django_co FOREIGN KEY (content_type_id) REFERENCES public.django_content_type(id) DEFERRABLE INITIALLY DEFERRED;


--
-- Name: django_admin_log django_admin_log_user_id_c564eba6_fk_auth_user_id; Type: FK CONSTRAINT; Schema: public; Owner: postgres
--

ALTER TABLE ONLY public.django_admin_log
    ADD CONSTRAINT django_admin_log_user_id_c564eba6_fk_auth_user_id FOREIGN KEY (user_id) REFERENCES public.auth_user(id) DEFERRABLE INITIALLY DEFERRED;


--
-- PostgreSQL database dump complete
--

\unrestrict hnJ9dJGXdfHnXKjaCGpD1XPy8H0dpNIK6AB1L0sCiGX4CpgFCPrh1DAlRpmhby5

